{
  "position": {
    "x": -1.3959497023135647,
    "y": 0.7857070534790277,
    "z": -0.063117288909468
  },
  "target": {
    "x": 0,
    "y": 0.35,
    "z": 0
  }
}